{
    "ab": 0.10256410256410256,
    "ac": 0.10256410256410256,
    "ad": 0.20512820512820512,
    "af": 0.10256410256410256,
    "ag": 0.41025641025641024,
    "ai": 0.20512820512820512,
    "ak": 0.20512820512820512,
    "al": 0.6153846153846154,
    "am": 0.41025641025641024,
    "an": 0.9230769230769231,
    "ap": 0.20512820512820512,
    "ar": 0.717948717948718,
    "as": 0.717948717948718,
    "at": 0.8205128205128205,
    "au": 0.10256410256410256,
    "av": 0.10256410256410256,
    "ay": 0.20512820512820512,
    "ba": 0.10256410256410256,
    "be": 0.717948717948718,
    "bl": 0.10256410256410256,
    "bo": 0.10256410256410256,
    "bu": 0.20512820512820512,
    "ca": 0.20512820512820512,
    "ce": 0.20512820512820512,
    "ch": 0.6153846153846154,
    "ck": 0.10256410256410256,
    "cl": 0.41025641025641024,
    "co": 0.3076923076923077,
    "ct": 0.3076923076923077,
    "db": 0.10256410256410256,
    "dc": 0.10256410256410256,
    "dd": 0.20512820512820512,
    "de": 0.20512820512820512,
    "df": 0.41025641025641024,
    "dg": 0.10256410256410256,
    "dh": 0.20512820512820512,
    "di": 1.1282051282051282,
    "dm": 0.41025641025641024,
    "do": 0.717948717948718,
    "ds": 0.20512820512820512,
    "dt": 0.5128205128205128,
    "du": 0.10256410256410256,
    "dw": 0.10256410256410256,
    "dy": 0.10256410256410256,
    "ea": 0.8205128205128205,
    "eb": 0.10256410256410256,
    "ec": 0.3076923076923077,
    "ed": 2.051282051282051,
    "ee": 0.3076923076923077,
    "ef": 0.20512820512820512,
    "eh": 0.3076923076923077,
    "ei": 0.3076923076923077,
    "ek": 0.10256410256410256,
    "el": 0.10256410256410256,
    "em": 0.3076923076923077,
    "en": 1.0256410256410255,
    "eo": 0.10256410256410256,
    "ep": 0.20512820512820512,
    "er": 1.1282051282051282,
    "es": 1.8461538461538463,
    "et": 0.8205128205128205,
    "ew": 0.9230769230769231,
    "ey": 0.6153846153846154,
    "fa": 0.20512820512820512,
    "fe": 0.10256410256410256,
    "fi": 0.10256410256410256,
    "fm": 0.10256410256410256,
    "fn": 0.10256410256410256,
    "fo": 0.20512820512820512,
    "fs": 0.10256410256410256,
    "ft": 0.10256410256410256,
    "fu": 0.41025641025641024,
    "ga": 0.3076923076923077,
    "gb": 0.10256410256410256,
    "gc": 0.10256410256410256,
    "gd": 0.10256410256410256,
    "ge": 0.41025641025641024,
    "gg": 0.10256410256410256,
    "gh": 0.3076923076923077,
    "gi": 0.6153846153846154,
    "go": 0.3076923076923077,
    "gr": 0.3076923076923077,
    "gt": 0.10256410256410256,
    "ha": 1.0256410256410255,
    "hb": 0.10256410256410256,
    "hc": 0.10256410256410256,
    "he": 2.666666666666667,
    "hi": 1.1282051282051282,
    "hl": 0.10256410256410256,
    "hm": 0.10256410256410256,
    "hn": 0.20512820512820512,
    "ho": 0.6153846153846154,
    "ht": 0.10256410256410256,
    "hu": 0.20512820512820512,
    "hy": 0.10256410256410256,
    "ia": 0.10256410256410256,
    "ic": 0.10256410256410256,
    "ie": 0.41025641025641024,
    "ig": 0.10256410256410256,
    "ii": 0.10256410256410256,
    "il": 0.10256410256410256,
    "im": 0.20512820512820512,
    "in": 3.897435897435898,
    "io": 0.6153846153846154,
    "ip": 0.10256410256410256,
    "iq": 0.10256410256410256,
    "ir": 0.3076923076923077,
    "is": 0.5128205128205128,
    "it": 1.948717948717949,
    "iv": 0.10256410256410256,
    "kc": 0.10256410256410256,
    "ke": 0.3076923076923077,
    "ki": 0.20512820512820512,
    "ko": 0.10256410256410256,
    "la": 0.3076923076923077,
    "le": 0.20512820512820512,
    "ll": 0.10256410256410256,
    "ln": 0.41025641025641024,
    "lo": 0.6153846153846154,
    "ls": 0.10256410256410256,
    "lt": 0.3076923076923077,
    "ly": 0.10256410256410256,
    "ma": 0.3076923076923077,
    "me": 1.1282051282051282,
    "mh": 0.10256410256410256,
    "mi": 0.717948717948718,
    "mo": 0.6153846153846154,
    "mu": 0.10256410256410256,
    "na": 0.6153846153846154,
    "nc": 0.3076923076923077,
    "nd": 1.3333333333333335,
    "ne": 0.8205128205128205,
    "ng": 1.435897435897436,
    "nh": 0.20512820512820512,
    "ni": 0.3076923076923077,
    "nk": 0.20512820512820512,
    "nn": 0.20512820512820512,
    "no": 0.41025641025641024,
    "ns": 0.717948717948718,
    "nt": 2.4615384615384617,
    "nu": 0.20512820512820512,
    "nw": 0.20512820512820512,
    "oa": 0.10256410256410256,
    "ob": 0.3076923076923077,
    "oc": 0.10256410256410256,
    "od": 0.20512820512820512,
    "oe": 0.20512820512820512,
    "of": 0.6153846153846154,
    "og": 0.20512820512820512,
    "oh": 0.20512820512820512,
    "oi": 0.20512820512820512,
    "om": 0.717948717948718,
    "on": 1.435897435897436,
    "oo": 0.10256410256410256,
    "op": 0.10256410256410256,
    "or": 1.5384615384615385,
    "os": 0.3076923076923077,
    "ot": 0.6153846153846154,
    "ou": 1.0256410256410255,
    "ow": 0.3076923076923077,
    "pe": 0.20512820512820512,
    "pi": 0.3076923076923077,
    "pp": 0.10256410256410256,
    "pr": 0.41025641025641024,
    "ps": 0.3076923076923077,
    "qu": 0.10256410256410256,
    "ra": 0.41025641025641024,
    "rb": 0.10256410256410256,
    "rc": 0.10256410256410256,
    "rd": 0.3076923076923077,
    "re": 1.7435897435897436,
    "rg": 0.10256410256410256,
    "rh": 0.10256410256410256,
    "ri": 0.3076923076923077,
    "rk": 0.10256410256410256,
    "rm": 0.20512820512820512,
    "rn": 0.41025641025641024,
    "ro": 0.5128205128205128,
    "rp": 0.10256410256410256,
    "rr": 0.20512820512820512,
    "rs": 0.20512820512820512,
    "rt": 0.41025641025641024,
    "ru": 0.10256410256410256,
    "ry": 0.10256410256410256,
    "sa": 0.41025641025641024,
    "sb": 0.20512820512820512,
    "sc": 0.3076923076923077,
    "se": 0.41025641025641024,
    "sf": 0.10256410256410256,
    "sh": 0.3076923076923077,
    "si": 0.9230769230769231,
    "sm": 0.10256410256410256,
    "sn": 0.20512820512820512,
    "so": 0.41025641025641024,
    "sp": 0.3076923076923077,
    "sr": 0.10256410256410256,
    "ss": 0.717948717948718,
    "st": 1.7435897435897436,
    "sw": 0.20512820512820512,
    "ta": 0.9230769230769231,
    "te": 0.5128205128205128,
    "th": 3.794871794871795,
    "ti": 1.5384615384615385,
    "tl": 0.10256410256410256,
    "tm": 0.3076923076923077,
    "to": 1.7435897435897436,
    "tr": 0.6153846153846154,
    "ts": 0.6153846153846154,
    "tt": 0.6153846153846154,
    "tu": 0.20512820512820512,
    "tw": 0.10256410256410256,
    "ty": 0.20512820512820512,
    "uc": 0.20512820512820512,
    "ud": 0.3076923076923077,
    "ue": 0.20512820512820512,
    "ug": 0.3076923076923077,
    "ul": 0.41025641025641024,
    "un": 0.5128205128205128,
    "up": 0.10256410256410256,
    "ur": 0.20512820512820512,
    "us": 0.10256410256410256,
    "ut": 0.41025641025641024,
    "ve": 0.20512820512820512,
    "wa": 0.20512820512820512,
    "we": 0.3076923076923077,
    "wh": 0.3076923076923077,
    "wi": 0.5128205128205128,
    "wn": 0.10256410256410256,
    "wo": 0.5128205128205128,
    "wp": 0.10256410256410256,
    "ya": 0.10256410256410256,
    "yb": 0.10256410256410256,
    "yc": 0.20512820512820512,
    "ye": 0.3076923076923077,
    "yi": 0.10256410256410256,
    "ym": 0.10256410256410256,
    "yo": 0.3076923076923077,
    "yw": 0.20512820512820512,
    "yy": 0.10256410256410256
}